dataset,adjusted_rand_score,adjusted_mutual_info_score,purity_score,silhouette_score,calinski_harabasz_score,davies_bouldin_score,norm_davies_bouldin_score
Sim15,0.13577167882797417,0.4446126466003776,0.48435402251368376,0.170497881902304,704.0547108637089,4.161072371238837,0.19375818203455364
Sim20,0.1324511976799042,0.45714329285727334,0.470051850527445,0.0027461526040961125,791.1898963052474,6.778396808002981,0.12856119643717934
Sim2,0.06940030056917053,0.3713748787807342,0.3882978723404255,0.01253160377861914,327.99929511657984,5.610944893774169,0.15126430730677334
