n_clusters,embedding_size,adjusted_rand_score,adjusted_mutual_info_score,purity_score,silhouette_score,calinski_harabasz_score,davies_bouldin_score,norm_davies_bouldin_score
5,10,0.49719063110627915,0.6211721761122141,0.8400624146674468,0.11733979651511091,732.9976298533768,2.3010113737534796,0.3029374596982774
5,20,0.2777377947473659,0.4479013827286096,0.753267017749171,0.07898313426126033,633.2485193087329,2.891463852005075,0.256972706937712
5,30,0.3740007057694213,0.6206474431137029,0.826214160327677,0.09519050505669215,652.7136201896647,3.196842223852908,0.2382743850403675
5,40,0.4075055947819821,0.619102268772996,0.8221181977764774,0.09363759029376242,649.6353281779081,3.1421231271440466,0.24142208459396772
5,50,0.4874724231567699,0.6734873864145566,0.8915545153110981,0.12370272450419904,771.3240107001862,2.4230110802662077,0.29214045077593787
5,60,0.48921953261514217,0.6922748972799012,0.8935049736688122,0.1269880162819548,799.0426140237072,2.3263928512774457,0.30062594669657455
5,70,0.25713682049298925,0.4148945460182733,0.7337624341720305,0.0714145486239863,603.8641959339728,2.956694271544894,0.2527362316547013
