n_clusters,embedding_size,adjusted_rand_score,adjusted_mutual_info_score,purity_score,silhouette_score,calinski_harabasz_score,davies_bouldin_score,norm_davies_bouldin_score
5,10,0.9327380038087695,0.9309665089054171,0.9748390871854886,0.15516616923759383,806.657770824128,2.0453410587601497,0.3283704454459791
5,20,0.5189636925954505,0.7412289338603364,0.9128145114101814,0.1281243514201063,800.335905707725,2.3658933860061158,0.29709794260197137
5,30,0.5515996685298657,0.7593621501681425,0.8888238736102985,0.10218944408133208,720.5695382086816,2.601595247906852,0.27765474218158537
5,40,0.5861408863448895,0.7994072111400002,0.9139847864248098,0.14018881738326544,855.1170745729147,2.142515866281252,0.3182163726617446
5,50,0.5684486351159956,0.7892458955611608,0.9130095572459528,0.1415677802837764,861.9231406814471,2.117445367686016,0.32077546903164156
5,60,0.5849553388101167,0.7919861539825478,0.9124244197386385,0.14002736369323313,854.1878975965986,2.143643645853418,0.31810221279979906
5,70,0.5739715625739942,0.7896448675700245,0.91261946557441,0.13860169672103853,850.53975238127,2.1547679898255594,0.3169805206674784
