n_clusters,embedding_size,adjusted_rand_score,adjusted_mutual_info_score,purity_score,silhouette_score,calinski_harabasz_score,davies_bouldin_score,norm_davies_bouldin_score
5,10,0.49113117552709923,0.600363721704344,0.6929978544958065,0.06286974090814999,541.4764227762182,6.208500897282479,0.13872509891439264
5,20,0.3764398772267831,0.5718041840190545,0.6926077628242637,0.05384328822401909,531.4241316465983,5.274517986299116,0.1593747921646851
5,30,0.4988903952553046,0.6156060126312884,0.695143358689292,0.06563895990070219,550.4279475203759,6.826571645592774,0.12776986467160378
5,40,0.3352108727180973,0.5414361244596018,0.7764774722059684,0.08747138300921675,705.7736201904837,2.8070164558073794,0.2626728861322779
5,50,0.3572038669672467,0.5548443371015505,0.7831090306221962,0.06092463123398096,607.3437901491136,3.5942476950010076,0.21766349278209318
5,60,0.3231719146142772,0.5690521394974137,0.7520967427345426,0.0892716757407907,701.7314500115759,2.7403703863857007,0.2673532021427147
5,70,0.1781991880303191,0.41493452540167564,0.6551589623561537,0.0655442430809443,587.7469890092331,3.490952137294008,0.22266993043540717
