n_clusters,embedding_size,adjusted_rand_score,adjusted_mutual_info_score,purity_score,silhouette_score,calinski_harabasz_score,davies_bouldin_score,norm_davies_bouldin_score
5,10,0.5379537476369484,0.7498954730805019,0.8829724985371562,0.10242182013029902,709.397616145876,2.496057361086837,0.28603649674933396
5,20,0.4809777826983851,0.6977010586917378,0.8260191144919056,0.10657549326887,680.1358474676333,2.9871127454036235,0.2508080568207679
5,30,0.5540251737555147,0.7902082150157648,0.9132046030817242,0.1385304014233997,848.7757638728683,2.156171628464546,0.3168395504798618
5,40,0.5791874211227923,0.7970822270063519,0.9133996489174956,0.14116572146489514,856.0597092569474,2.1343614175603145,0.3190442539260095
5,50,0.5391781149128082,0.7551518586113279,0.8960405695338405,0.10813397145530422,760.7220264229616,2.784884139531521,0.2642088801491758
5,60,0.5402532136936076,0.7620781848475009,0.9038424029646968,0.13593874329301991,837.4804253391496,2.183115086977925,0.31415766401000855
5,70,0.5752826516603923,0.7885266199261938,0.9091086405305246,0.12614503048839049,807.9677520972707,2.3128168044061566,0.3018579230430028
