n_clusters,embedding_size,adjusted_rand_score,adjusted_mutual_info_score,purity_score,silhouette_score,calinski_harabasz_score,davies_bouldin_score,norm_davies_bouldin_score
5,10,0.9950817303773178,0.9907205503464187,0.9982445874780573,0.12308827940360631,765.1712923802562,2.0735123054276476,0.325360662533889
5,20,0.6866511075095039,0.8131151553737033,0.8615174566023015,0.04084377086822212,488.3031169157619,5.893231152914495,0.14506984864089384
5,30,0.6751122702529347,0.8023435072873492,0.8621025941096158,0.05170080782172802,488.06221210938037,9.441753286592714,0.09576935717146345
5,40,0.992434886302595,0.9873298996808231,0.9972693582992003,0.12328662670736565,764.7072444914834,2.0712564898463715,0.325599637577004
5,50,0.7591593719248065,0.8125986363411272,0.8273844353423054,0.032275705320564674,528.2974261425676,2.2111444382490975,0.311415453035572
5,60,0.18697410013886653,0.35774409321544076,0.6438463038814122,0.006189225865317067,183.97040886871608,5.456912048862033,0.15487279251019692
5,70,0.35112588198211836,0.5128951158877646,0.7932514140823094,0.07777655710602899,566.8733750467015,2.8921109080420053,0.2569299857138623
