n_clusters,embedding_size,adjusted_rand_score,adjusted_mutual_info_score,purity_score,silhouette_score,calinski_harabasz_score,davies_bouldin_score,norm_davies_bouldin_score
5,10,0.24285171937661515,0.5051496457335026,0.6918275794811781,0.06859454536566668,616.2650370533645,3.9878225738538005,0.20048828625982143
5,20,0.2951594572431031,0.5557474524964644,0.7458552759898576,0.07679385123330909,681.7025336792495,3.01244123719355,0.24922483368240853
5,30,0.31103185714504983,0.5471071482068199,0.7349327091866589,0.07846604861644844,678.1175503113836,2.8422454474312877,0.2602644765103553
5,40,0.33991707521523123,0.5611743429025511,0.7758923346986542,0.08555572152099791,696.0247552970875,2.8219381866987328,0.261647350415096
5,50,0.3253899986681779,0.5751463657605813,0.755607567778428,0.08741408100754226,696.554387953139,2.752270601825961,0.2665052993548418
5,60,0.30740283894506815,0.5378419269241561,0.7604837136727131,0.08333775698191995,693.43267754313,2.9563921474647508,0.2527555314861289
5,70,0.3078501765750154,0.5485924877713966,0.7487809635264288,0.08117309006120185,683.2551697576373,2.972966319375664,0.2517011017997117
