n_clusters,embedding_size,adjusted_rand_score,adjusted_mutual_info_score,purity_score,silhouette_score,calinski_harabasz_score,davies_bouldin_score,norm_davies_bouldin_score
5,10,0.665765011971298,0.805270944877661,0.9112541447240101,0.13446043688142362,815.3787746658684,2.239984232963508,0.30864347728178065
5,20,0.4748552394056932,0.7110431927216389,0.842988102204018,0.10047173039715473,686.643129166475,2.9423749148729224,0.25365421138091676
5,30,0.5923303948195071,0.7957620341473322,0.9130095572459528,0.13887339006707192,845.3011232004176,2.1685017601812424,0.3156065786571628
5,40,0.5433644758416577,0.7853240400719643,0.9128145114101814,0.1359137501207437,840.7942665017354,2.171475307325548,0.31531066872574304
5,50,0.5433165893343104,0.7796224005639808,0.9118392822313244,0.13494765409417564,836.8302019893232,2.183421595005505,0.3141274161012502
5,60,0.557930725176813,0.7850826670762902,0.9124244197386385,0.13765024829145553,845.712325447203,2.161669522759037,0.31628859145510824
5,70,0.5882139167716441,0.7894418619362858,0.9120343280670957,0.1366313793850224,837.0326664840464,2.169862448179031,0.31547110208976514
