n_clusters,embedding_size,adjusted_rand_score,adjusted_mutual_info_score,purity_score,silhouette_score,calinski_harabasz_score,davies_bouldin_score,norm_davies_bouldin_score
5,10,0.5740964800288383,0.7567755441502655,0.8894090111176126,0.128446486820538,836.0359132404217,2.2138075522285092,0.3111573993615713
5,20,0.5732262491701181,0.6969950908563564,0.8010532475131656,0.06657043042734331,619.6975033177715,2.243919148132517,0.3082690888198269
5,30,0.5663889995188962,0.747624757523941,0.8858981860737273,0.13167135895860757,837.4292983579345,2.1961887020838615,0.3128726408888238
5,40,0.5839013736940614,0.7576716025926945,0.8868734152525843,0.129212222368926,831.493086557486,2.220778109460286,0.31048397809918443
5,50,0.7653184980563018,0.8465328352990901,0.9104739613809245,0.15525856530898652,823.7277898467235,2.1679787333227116,0.3156586846626831
5,60,0.7508538672629244,0.7334795569171537,0.7821338014433392,0.12189601552095285,745.4253779957435,1.8379384147677085,0.35236846395127014
5,70,0.5361852239599105,0.6784412519531219,0.8049541642285937,0.06913826673433285,656.8025578652822,2.3884042936703342,0.2951241685852061
