n_clusters,embedding_size,adjusted_rand_score,adjusted_mutual_info_score,purity_score,silhouette_score,calinski_harabasz_score,davies_bouldin_score,norm_davies_bouldin_score
5,10,0.7837580616586117,0.7669810401602398,0.8819972693582993,0.17300384715827932,936.985991258305,1.646699642967912,0.37782904556507846
5,20,0.7200778186122406,0.7324888512232939,0.8624926857811586,0.11558929851016683,626.352039609006,1.77562705119703,0.3602789501452421
5,30,0.41940573774388545,0.4196154777366512,0.6820752876926077,0.07214710849980313,411.0579659886183,2.3746068600362196,0.2963308146624425
5,40,0.40359451180338257,0.46339123835217194,0.6643261166374098,0.21330310877347017,1106.072128476516,1.863735895139712,0.3491942122516202
5,50,0.0019490899380521908,0.003535652689416481,0.5582211819777648,0.17281900568494368,11.689551459358128,1.2112701308780924,0.45222878292255564
5,60,0.41443415750269036,0.40360708054483496,0.6569143748780963,0.1892159004028834,901.1049492760502,2.2109026170564805,0.31143890652053674
5,70,0.00033589306160637997,0.000348854805953758,0.5570509069631363,0.20490771442521982,2.2058381389218487,0.6537448858965533,0.6046881889269546
