n_clusters,embedding_size,pretrain_optimizer_params,clustering_optimizer_params,random_state,initial_clustering_class,initial_clustering_params,adjusted_rand_score,adjusted_mutual_info_score,purity_score,silhouette_score,calinski_harabasz_score,davies_bouldin_score,norm_davies_bouldin_score
5,10,{'lr': 0.01},{'lr': 0.001},42,<class 'sklearn.cluster._kmeans.KMeans'>,{},0.29210827450005944,0.46346544772929116,0.6910473961380924,0.3143412889767385,1590.4942632150407,0.9969606368558058,0.5007609972595602
5,10,{'lr': 0.01},{'lr': 0.0001},42,<class 'sklearn.cluster._kmeans.KMeans'>,{},0.2916195616697233,0.42384397771642474,0.6855861127364931,0.3030663108514634,1583.0161601185466,1.0700783089954768,0.48307351255965697
5,10,{'lr': 0.01},{'lr': 1e-05},42,<class 'sklearn.cluster._kmeans.KMeans'>,{},0.2781220369273953,0.4408713650392706,0.6904622586307783,0.20669327681074115,804.1063350074362,3.0396089909552413,0.24754871133295783
5,10,{'lr': 0.001},{'lr': 0.001},42,<class 'sklearn.cluster._kmeans.KMeans'>,{},0.2862977824784093,0.44523084905233795,0.6908523503023211,0.13233339022477025,901.2979452289593,1.7067795830837547,0.3694427157089493
5,10,{'lr': 0.001},{'lr': 0.0001},42,<class 'sklearn.cluster._kmeans.KMeans'>,{},0.29513757796269247,0.3857892044532481,0.6752486834406085,0.27598851228606197,1503.1983533014964,1.2293499990866845,0.4485612400070325
5,10,{'lr': 0.001},{'lr': 1e-05},42,<class 'sklearn.cluster._kmeans.KMeans'>,{},-1.0,-1.0,-1.0,-1.0,-1.0,-1.0,inf
5,10,{'lr': 0.0001},{'lr': 0.001},42,<class 'sklearn.cluster._kmeans.KMeans'>,{},0.1756585386799743,0.25635477948781965,0.6182952993953579,0.28924680458036284,1075.8671038517339,1.3848040917189235,0.41932165559109646
5,10,{'lr': 0.0001},{'lr': 0.0001},42,<class 'sklearn.cluster._kmeans.KMeans'>,{},0.07663590988287547,0.30021841381591274,0.634679149600156,0.04125550194560183,728.7083373258124,2.7056149328072028,0.26986074325926956
5,10,{'lr': 0.0001},{'lr': 1e-05},42,<class 'sklearn.cluster._kmeans.KMeans'>,{},-1.0,-1.0,-1.0,-1.0,-1.0,-1.0,inf
