n_clusters,embedding_size,pretrain_optimizer_params,clustering_optimizer_params,batch_size,pretrain_epochs,clustering_epochs,clustering_loss_weight,ssl_loss_weight,random_state,adjusted_rand_score,adjusted_mutual_info_score,purity_score,silhouette_score,calinski_harabasz_score,davies_bouldin_score,norm_davies_bouldin_score
17,10,{'lr': 0.01},{'lr': 0.001},256,10,150,1.0,1.0,42,0.7546095413304874,0.7918420020329859,0.736929736929737,0.16352439494267526,2611.9188050667317,1.9450401592967148,0.3395539435492123
17,10,{'lr': 0.01},{'lr': 0.001},256,10,300,1.0,1.0,42,0.6607584926195507,0.8074860313853103,0.7022144522144522,0.19268751402832415,2802.231609065806,2.2530240802645003,0.30740627038908697
17,10,{'lr': 0.01},{'lr': 0.001},256,50,150,1.0,1.0,42,0.7319427029997537,0.8821104676581671,0.8668831168831169,0.22662671844604027,3358.9547123634206,1.6221198628723896,0.38137081914499305
17,10,{'lr': 0.01},{'lr': 0.001},256,50,300,1.0,1.0,42,0.6799278419016935,0.8803194464030409,0.8928571428571429,0.25937129033548634,3840.4737196521437,1.338005502017931,0.42771499003612296
