n_clusters,embedding_size,pretrain_optimizer_params,clustering_optimizer_params,random_state,adjusted_rand_score,adjusted_mutual_info_score,purity_score,silhouette_score,calinski_harabasz_score,davies_bouldin_score,norm_davies_bouldin_score
20,10,{'lr': 0.01},{'lr': 0.001},42,-1.0,-1.0,-1.0,-1.0,-1.0,-1.0,inf
20,10,{'lr': 0.01},{'lr': 0.0001},42,0.0843867890988294,0.3674994473412915,0.38282227784730916,0.24687287048679388,1825.276024401212,1.2043014135466659,0.4536584669657427
20,10,{'lr': 0.01},{'lr': 1e-05},42,0.013739876114786312,0.09982728792123167,0.26955569461827283,0.21054336445437646,1169.7923125617915,0.9811809834772975,0.504749444063831
20,10,{'lr': 0.001},{'lr': 0.001},42,-1.0,-1.0,-1.0,-1.0,-1.0,-1.0,inf
20,10,{'lr': 0.001},{'lr': 0.0001},42,0.366734999362551,0.6167533279366582,0.545369211514393,0.15404499572671299,2172.4509498748325,1.7995905322669485,0.3571950928088963
20,10,{'lr': 0.001},{'lr': 1e-05},42,0.16248436689640225,0.43897562672400475,0.3995619524405507,0.1292653907569238,2374.164616743547,1.8169604174475011,0.3549925635469589
20,10,{'lr': 0.0001},{'lr': 0.001},42,0.3553408759656229,0.6403359812470518,0.5147841051314143,0.1679931341575832,2425.677812553479,1.3580218640811015,0.4240842781115137
20,10,{'lr': 0.0001},{'lr': 0.0001},42,0.31573615835658214,0.5720157400097637,0.49045682102628285,0.007253620853024591,1561.4234096532823,2.6085737471307913,0.27711779502777484
20,10,{'lr': 0.0001},{'lr': 1e-05},42,0.044025735382111575,0.19058302093810653,0.2693992490613267,0.32180396969542796,3109.087594501346,1.2327691893375463,0.447874327886393
