n_clusters,embedding_size,pretrain_optimizer_params,clustering_optimizer_params,batch_size,pretrain_epochs,clustering_epochs,clustering_loss_weight,ssl_loss_weight,random_state,adjusted_rand_score,adjusted_mutual_info_score,purity_score,silhouette_score,calinski_harabasz_score,davies_bouldin_score,norm_davies_bouldin_score
20,10,{'lr': 0.01},{'lr': 0.001},256,10,150,1.0,1.0,42,0.5928304017592584,0.6850095110114396,0.6694305381727159,0.1190905549047949,1970.722711246307,2.463843673802604,0.28869663130674744
20,10,{'lr': 0.01},{'lr': 0.001},256,10,300,1.0,1.0,42,0.7433171200164712,0.8156606251638892,0.7358416770963705,0.21107529157912935,2674.972388593409,2.543203765934623,0.28223045189054236
20,10,{'lr': 0.01},{'lr': 0.001},256,50,150,1.0,1.0,42,0.6829653051755765,0.7974754743148565,0.8207133917396746,0.1536836990098034,2515.5607304861287,2.5995066476344135,0.2778158503074852
20,10,{'lr': 0.01},{'lr': 0.001},256,50,300,1.0,1.0,42,0.6397561943369365,0.8136949343158321,0.8143773466833542,0.16756834042936058,2647.1445770697974,2.3248350464537304,0.3007668007670336
