n_clusters,embedding_size,pretrain_optimizer_params,clustering_optimizer_params,random_state,initial_clustering_class,initial_clustering_params,adjusted_rand_score,adjusted_mutual_info_score,purity_score,silhouette_score,calinski_harabasz_score,davies_bouldin_score,norm_davies_bouldin_score
17,10,{'lr': 0.01},{'lr': 0.001},42,<class 'sklearn.cluster._kmeans.KMeans'>,{},0.7132837399941959,0.8073636830333634,0.7403429903429903,0.1444381739241904,2334.6460102901437,2.1833156091293375,0.3141378747153218
17,10,{'lr': 0.01},{'lr': 0.0001},42,<class 'sklearn.cluster._kmeans.KMeans'>,{},0.2963333918911344,0.6152918186521096,0.4821012321012321,0.10853105203292522,2699.036068643021,2.1888461505158494,0.31359305303525953
17,10,{'lr': 0.01},{'lr': 1e-05},42,<class 'sklearn.cluster._kmeans.KMeans'>,{},0.38141837984377674,0.6376018237266536,0.4537962037962038,0.12576790832845572,3144.688337673518,1.1511124145281764,0.4648757513769169
17,10,{'lr': 0.001},{'lr': 0.001},42,<class 'sklearn.cluster._kmeans.KMeans'>,{},0.4344421818011383,0.682708242330465,0.5716783216783217,0.061226685012892704,2224.6617318812946,2.2150889379262595,0.3110333864185426
17,10,{'lr': 0.001},{'lr': 0.0001},42,<class 'sklearn.cluster._kmeans.KMeans'>,{},0.2787354837082461,0.5528886256166423,0.42507492507492506,0.03082396986623619,1884.9879638605403,1.7218147849205339,0.3674019281327388
17,10,{'lr': 0.001},{'lr': 1e-05},42,<class 'sklearn.cluster._kmeans.KMeans'>,{},0.19054900592500004,0.4495987488478012,0.4246586746586747,0.11546830587025657,785.8406835413052,3.409618802805268,0.22677697205115097
17,10,{'lr': 0.0001},{'lr': 0.001},42,<class 'sklearn.cluster._kmeans.KMeans'>,{},0.31957011542975433,0.6187698699481335,0.5154845154845155,-0.0185242362165522,1072.9930018150478,2.4022948736464587,0.29391926247951444
17,10,{'lr': 0.0001},{'lr': 0.0001},42,<class 'sklearn.cluster._kmeans.KMeans'>,{},0.4935960691745893,0.6543965720346949,0.5521978021978022,0.19034347234741364,3354.736282352582,1.7039639506338298,0.369827415696719
17,10,{'lr': 0.0001},{'lr': 1e-05},42,<class 'sklearn.cluster._kmeans.KMeans'>,{},0.1035468899409615,0.2965330646752363,0.3151015651015651,0.2331358218800357,2634.216654918433,1.2998662683905045,0.4348078902430364
