n_clusters,embedding_size,pretrain_optimizer_params,clustering_optimizer_params,random_state,adjusted_rand_score,adjusted_mutual_info_score,purity_score,silhouette_score,calinski_harabasz_score,davies_bouldin_score,norm_davies_bouldin_score
5,10,{'lr': 0.01},{'lr': 0.001},42,-1.0,-1.0,-1.0,-1.0,-1.0,-1.0,inf
5,10,{'lr': 0.01},{'lr': 0.0001},42,-1.0,-1.0,-1.0,-1.0,-1.0,-1.0,inf
5,10,{'lr': 0.01},{'lr': 1e-05},42,-1.0,-1.0,-1.0,-1.0,-1.0,-1.0,inf
5,10,{'lr': 0.001},{'lr': 0.001},42,0.790735930753828,0.8415426900178491,0.9050126779793252,0.3258604620248502,2424.1673579103453,1.041985417752326,0.48971946190523225
5,10,{'lr': 0.001},{'lr': 0.0001},42,0.4646375459649364,0.4322536286168218,0.6725180417398089,0.30622466669113135,1388.309414147379,1.71253046952884,0.3686594533161862
5,10,{'lr': 0.001},{'lr': 1e-05},42,-1.0,-1.0,-1.0,-1.0,-1.0,-1.0,inf
5,10,{'lr': 0.0001},{'lr': 0.001},42,-1.0,-1.0,-1.0,-1.0,-1.0,-1.0,inf
5,10,{'lr': 0.0001},{'lr': 0.0001},42,0.46985590689923135,0.5023209134841831,0.6904622586307783,0.2797379080316601,993.5252746378404,2.0191593971932407,0.33121802079401613
5,10,{'lr': 0.0001},{'lr': 1e-05},42,-1.0,-1.0,-1.0,-1.0,-1.0,-1.0,inf
