n_clusters,embedding_size,pretrain_optimizer_params,clustering_optimizer_params,random_state,adjusted_rand_score,adjusted_mutual_info_score,purity_score,silhouette_score,calinski_harabasz_score,davies_bouldin_score,norm_davies_bouldin_score
17,10,{'lr': 0.01},{'lr': 0.001},42,0.6315760088546107,0.7769799280105587,0.6747419247419247,0.22246407043350058,3605.0788879506927,1.4106155312183697,0.41483180832846517
17,10,{'lr': 0.01},{'lr': 0.0001},42,0.3982534277906402,0.58106999903893,0.4612054612054612,0.12533886864837174,2456.854378007568,1.801849317716784,0.35690713047156153
17,10,{'lr': 0.01},{'lr': 1e-05},42,0.15591216735271188,0.44709425030389827,0.3772893772893773,0.14174891095462952,2266.045564348388,2.322446661406506,0.3009830109888553
17,10,{'lr': 0.001},{'lr': 0.001},42,0.4826965810880758,0.6864117404830924,0.5433732933732933,0.1436239202359556,2345.2733890816808,2.3612331620428644,0.29750985777857425
17,10,{'lr': 0.001},{'lr': 0.0001},42,0.3600778931497006,0.6553273122733383,0.570929070929071,0.1406560703176932,2935.0165636492443,2.510495013655988,0.28486011121222327
17,10,{'lr': 0.001},{'lr': 1e-05},42,0.08646122744109862,0.3162926145127546,0.3159340659340659,0.11197876012918007,2028.159863532217,2.299869028026789,0.30304233031877825
17,10,{'lr': 0.0001},{'lr': 0.001},42,0.4264299878606116,0.6667096287489306,0.5424575424575424,0.22702715882429667,4218.732680133911,1.2055053305049503,0.45341082887840956
17,10,{'lr': 0.0001},{'lr': 0.0001},42,0.1638684814342006,0.4386016570242882,0.3866966366966367,0.10471486805103278,2362.073024795317,1.8959918272523022,0.34530484188168215
17,10,{'lr': 0.0001},{'lr': 1e-05},42,0.16855004282536518,0.40395225200137563,0.38003663003663,0.11195093262842618,3014.225324554509,1.8120683791948964,0.355610129326337
