n_clusters,embedding_size,adjusted_rand_score,adjusted_mutual_info_score,purity_score,silhouette_score,calinski_harabasz_score,davies_bouldin_score,norm_davies_bouldin_score
17,10,0.4902197631843163,0.7273004463153563,0.7705627705627706,0.07809098277105786,1149.5081320490915,3.2934914534758866,0.23291067673849192
17,20,0.3255737809842113,0.5774933134996982,0.6379453879453879,0.04290089316736115,929.3910877258674,3.816825528128417,0.20760560957842106
17,30,0.5966463155633281,0.8066832892780461,0.8682151182151182,0.11573505730919814,1230.8549162339016,2.9822502378922486,0.2511143047929822
17,40,0.38434545205542076,0.623070059397461,0.6705794205794205,0.05312485657942796,1002.4388400001907,3.933168746387662,0.2027094655402281
17,50,0.4446350402886966,0.6888182225826691,0.7484182484182484,0.07827738369293254,1076.51121547394,3.707608047838288,0.21242210265555037
17,60,0.4308770788459995,0.6832722218085026,0.7061272061272061,0.06222742355922044,1039.3868048331572,4.092619495498418,0.1963625990286418
17,70,0.46102287101501527,0.6917814357635055,0.7386779886779887,0.06739733361180053,1059.9409925271977,3.9385652552768686,0.20248795921679838
