n_clusters,embedding_size,adjusted_rand_score,adjusted_mutual_info_score,purity_score,silhouette_score,calinski_harabasz_score,davies_bouldin_score,norm_davies_bouldin_score
17,10,0.7252905169152483,0.8739776884432776,0.9244921744921745,0.1333885985615877,1308.4324810934947,2.392906209797092,0.29473257973134587
17,20,0.6861785232617791,0.8553398886978263,0.8787878787878788,0.12643495741576913,1262.3946813709067,3.063251502635865,0.24610831974129382
17,30,0.6794273062293629,0.8482316887153992,0.8783716283716284,0.12352673597956929,1227.7556827081378,3.4055783639358204,0.2269849534821639
17,40,0.6029869183746421,0.8282903473066663,0.8841158841158842,0.10030401273367434,1236.4002985771651,3.03060723494267,0.2481015742071489
17,50,0.6977607274630543,0.8566163589821064,0.9000999000999002,0.12206193948569281,1272.6414413855007,3.1272115573268713,0.2422943399217664
17,60,0.6544569412379599,0.8538286085647362,0.8891108891108891,0.11180633357702148,1234.1973954054533,3.141014240672051,0.24148673293084558
17,70,0.6568713418093467,0.8368935558123878,0.8656343656343657,0.10488219450906491,1248.29100281453,3.170071043342377,0.23980406798980683
