n_clusters,embedding_size,adjusted_rand_score,adjusted_mutual_info_score,purity_score,silhouette_score,calinski_harabasz_score,davies_bouldin_score,norm_davies_bouldin_score
17,10,0.6844615508809252,0.7307429995064827,0.635947385947386,0.010929258348968032,713.2989146938828,6.756833408912123,0.1289185866556141
17,20,0.5570465685612852,0.7244051751035587,0.5921578421578422,0.031083201359016193,744.3224380274427,7.382235237390728,0.11929992080624142
17,30,0.28288852714671336,0.5678973531571193,0.5052447552447552,-0.01307427308750815,486.6380216190289,10.031410055889799,0.09065024280065524
17,40,0.8108098798997063,0.8835430237654518,0.8464868464868465,0.10440826225442389,1167.2036859113573,4.256750371678461,0.19023159353117688
17,50,0.5018533162622633,0.7298254705351062,0.6606726606726607,0.013443140901200693,738.2203358032731,5.606843176965023,0.15135821650596054
17,60,0.5980829770433287,0.7957236430895274,0.7562437562437563,0.056564250006917165,1003.3093280490921,5.205346830314371,0.16115134695047154
17,70,0.4303706771151568,0.7116714951388134,0.6727439227439227,0.04894248415632895,834.0442438458027,6.076942818249716,0.1413039536537222
