n_clusters,embedding_size,adjusted_rand_score,adjusted_mutual_info_score,purity_score,silhouette_score,calinski_harabasz_score,davies_bouldin_score,norm_davies_bouldin_score
17,10,0.6461684443270189,0.846843297899686,0.8532301032301032,0.0970382475528402,1256.3042480819897,2.5947390186454777,0.27818431179930464
17,20,0.5342256535259552,0.8260287344231139,0.8485680985680986,0.10211584714732952,1234.1281054959793,2.6363635909366447,0.2750000034354163
17,30,0.6185992293212207,0.8580322599585455,0.8674658674658675,0.11840210466241774,1274.987670291466,2.4594397923114126,0.289064143339767
17,40,0.5286192111442345,0.8072033350772335,0.815018315018315,0.11041612388269531,1207.5970055266168,2.5508448821134087,0.2816231159624228
17,50,0.6417429661232206,0.8637838673833023,0.8645521145521146,0.10289443954659991,1237.2255204056978,2.5989725350777193,0.2778570801120062
17,60,0.6679216460022067,0.885720129258657,0.9117549117549117,0.1297882759425809,1322.5648458921899,2.31029799467084,0.3020876071005913
17,70,0.4903855437966524,0.7906560819231692,0.7847985347985348,0.07267957741028826,1189.825045658388,2.999313732475696,0.2500428990803304
