n_clusters,embedding_size,adjusted_rand_score,adjusted_mutual_info_score,purity_score,silhouette_score,calinski_harabasz_score,davies_bouldin_score,norm_davies_bouldin_score
17,10,0.5610878158880894,0.7555028926997664,0.7693140193140193,0.07220957592384718,1076.3922979798256,5.895030917822794,0.14503198200534895
17,20,0.3966278721667882,0.6883677542744797,0.6978021978021978,0.0449543537660226,1000.1544331853273,5.298272151438798,0.15877370427245774
17,30,0.3784322810872702,0.6661355805541141,0.6683316683316683,0.04309284231101295,914.3669606355475,5.724766351302222,0.14870405122794406
17,40,0.3351639209522167,0.6293677747823663,0.6366966366966367,0.035988333529997835,889.8640800193365,6.347433993349148,0.13610193720762837
17,50,0.376084200562295,0.6400717685990758,0.6321178821178821,0.045125630155853545,879.7618900589927,6.84718083538467,0.12743430041662598
17,60,0.2678938137891773,0.5642573090255191,0.5362970362970363,-0.004535127315744734,780.379080102794,10.536365818232305,0.08668241071374314
17,70,0.37752102592254616,0.6571150938428725,0.6733266733266733,0.050741772387286097,930.6631604117753,6.667668831046657,0.13041773478152385
