n_clusters,embedding_size,adjusted_rand_score,adjusted_mutual_info_score,purity_score,silhouette_score,calinski_harabasz_score,davies_bouldin_score,norm_davies_bouldin_score
17,10,0.5292762129159081,0.6124073266418757,0.5309690309690309,0.017894555244500832,702.959745854138,8.680217851265287,0.10330346024901614
17,20,0.25469982274275466,0.557437517227658,0.5012487512487512,-0.014748224080365824,505.83444282934414,10.370401306919852,0.08794764344785397
17,30,0.5405125494906255,0.7456016195582349,0.6754911754911755,0.014683265125580202,725.9310681134284,6.536448132146842,0.1326885002677168
17,40,0.40554480020621536,0.6446719490345604,0.5788378288378289,-0.0050221388383670405,590.8492279624572,8.317889077327065,0.10732044475966875
17,50,0.4094886463402896,0.6992973494612371,0.6000666000666001,0.03069358512950698,759.6643303950578,8.775291397591738,0.10229874070519904
17,60,0.8476381467880714,0.8653301249296838,0.882950382950383,0.1121911119416736,1173.7852938566175,3.752156664031645,0.21043077295175236
17,70,0.5918184513260853,0.828200381037788,0.8289210789210789,0.11417019596748158,1189.8124137239467,4.293653284820427,0.18890545832827854
