n_clusters,embedding_size,adjusted_rand_score,adjusted_mutual_info_score,purity_score,silhouette_score,calinski_harabasz_score,davies_bouldin_score,norm_davies_bouldin_score
17,10,0.6364457563158834,0.8556882570939061,0.9040959040959041,0.12767133048888388,1301.216779353336,2.461038555577897,0.28893061546175924
17,20,0.6373239056880201,0.8564075488355227,0.8980186480186481,0.13845071281476978,1299.5973773540197,2.312357627659072,0.3018997682042943
17,30,0.6741215742132761,0.8875272045844939,0.9277389277389277,0.13788492824792487,1329.3579677661717,2.1703137801312278,0.3154261910184194
17,40,0.6130094774284849,0.8542182706204838,0.9072594072594072,0.1310554543361271,1315.4648413444413,2.3559911437278678,0.2979745646435736
17,50,0.6458915270651723,0.876861019472984,0.9244921744921745,0.14291057150305003,1327.8061230542635,2.1996682257938645,0.31253240318436193
17,60,0.6383654779330894,0.8628951465065869,0.9063436563436563,0.12744402298989493,1310.113903413474,2.334553497237853,0.299890225431483
17,70,0.6435096941083149,0.8582229210970395,0.9036796536796536,0.1231240466407731,1232.1471825751573,2.319337901339748,0.301264899724846
