n_clusters,embedding_size,adjusted_rand_score,adjusted_mutual_info_score,purity_score,silhouette_score,calinski_harabasz_score,davies_bouldin_score,norm_davies_bouldin_score
17,10,0.6633075195941005,0.8446120885775185,0.8767898767898767,0.13674588345236036,1285.1162665961765,2.3384166806493636,0.2995431953705334
17,20,0.43589447231382566,0.6799360277010077,0.6177156177156177,0.0257297796014743,971.1752639423233,2.8378514879155317,0.2605624535365057
17,30,0.5787573404574076,0.7301657336123927,0.6693306693306693,0.09717058454605092,1508.0868416717453,2.591929181378178,0.2784019254010772
17,40,0.5221699572534694,0.7822744825202087,0.6900599400599401,0.08344904118502802,1300.9421820373316,2.5962592999138816,0.2780667122707049
17,50,0.6630938845349953,0.7919108686660029,0.708041958041958,0.1431562581494353,1722.0992739705769,2.422022051477568,0.29222488486543147
17,60,0.5959222409044973,0.7525213399178955,0.6332833832833833,0.13007254660290044,1917.2287746625088,2.2959788886773436,0.3034000015701842
17,70,0.6852012956977944,0.8163619255457591,0.6954711954711955,0.10608188678507105,1576.5576565101674,2.2823516996136344,0.3046596134465755
