dataset,adjusted_rand_score,adjusted_mutual_info_score,purity_score,silhouette_score,calinski_harabasz_score,davies_bouldin_score,norm_davies_bouldin_score
kampff_c28,0.6041192932401207,0.4706009111919274,0.9065490913001398,0.46130557043598486,6168.922997010055,1.0846379612615085,0.4796996018411057
kampff_c37,0.0535655911025962,0.1971856979964643,0.9566094853683148,0.0040508448695129855,307.16513464798504,2.806660035848984,0.26269748035878226
