n_clusters,embedding_size,pretrain_optimizer_params,clustering_optimizer_params,random_state,adjusted_rand_score,adjusted_mutual_info_score,purity_score,silhouette_score,calinski_harabasz_score,davies_bouldin_score,norm_davies_bouldin_score
5,2,{'lr': 0.01},{'lr': 0.001},42,0.5044142652273526,0.6799162914244192,0.8804369026721279,0.17007208672371968,1754.3521578246155,1.8779434850785812,0.3474703395618262
5,2,{'lr': 0.01},{'lr': 0.0001},42,0.5953418116018936,0.70932946687109,0.8802418568363566,0.19397744852482326,1925.4355054989555,1.7494634187105131,0.36370733038121156
5,2,{'lr': 0.01},{'lr': 1e-05},42,0.7249799466967939,0.7600640396087242,0.898186073727326,0.2377444128204753,2016.639144400388,1.573396544391444,0.3885914909536337
5,2,{'lr': 0.001},{'lr': 0.001},42,0.48077640193575644,0.7120193753145161,0.8874585527598986,0.21374402012153287,2027.3117534441524,1.5782327080698313,0.3878625838815924
5,2,{'lr': 0.001},{'lr': 0.0001},42,0.4937989236328511,0.6568686460309919,0.8730251609128145,0.1883175959007373,1925.528425685456,1.5529978144874625,0.3916963791842333
5,2,{'lr': 0.001},{'lr': 1e-05},42,0.49451328856222493,0.4319759284775784,0.7349327091866589,0.0828700162622365,693.90027125978,3.711026095368421,0.2122679814877561
5,2,{'lr': 0.0001},{'lr': 0.001},42,0.510709349270503,0.6860293255059426,0.777257655549054,0.19110889903474304,1588.5192850546082,2.5395763951983574,0.2825196826819612
5,2,{'lr': 0.0001},{'lr': 0.0001},42,0.15132620648062725,0.33328539487004955,0.6413107080163839,0.07146549457602894,626.7644584683957,4.272152598533859,0.18967584517149438
5,2,{'lr': 0.0001},{'lr': 1e-05},42,0.11546919159584709,0.21442131849842713,0.6040569533840453,0.009920122821835691,352.74131694019616,4.285168939720526,0.1892087105266457
