dataset,adjusted_rand_score,adjusted_mutual_info_score,purity_score,silhouette_score,calinski_harabasz_score,davies_bouldin_score,norm_davies_bouldin_score
kampff_c28,0.14019758172190253,0.24510884936787794,0.905581245295193,0.05426147140979329,1909.5803547886737,2.709938274067992,0.2695462636103344
kampff_c37,0.09243858421081226,0.21907443622668274,0.9513118062563067,-0.03898263737931781,395.48643086722484,3.251662168888288,0.23520213043207924
