dataset,adjusted_rand_score,adjusted_mutual_info_score,purity_score,silhouette_score,calinski_harabasz_score,davies_bouldin_score,norm_davies_bouldin_score
kampff_c28,0.23284406382392445,0.3120371931728745,0.9348317023335843,0.11682730337328791,2960.46542279837,2.2829405950280033,0.30460496346309
kampff_c37,0.13823428780973598,0.2525526108680458,0.851664984863774,0.09381914536740404,1158.6498090981897,2.416003115856912,0.2927397798198869
