dataset,adjusted_rand_score,adjusted_mutual_info_score,purity_score,silhouette_score,calinski_harabasz_score,davies_bouldin_score,norm_davies_bouldin_score
kampff_c28,0.04395210526952892,0.16132223724265657,0.9362297021185073,0.013026929416540224,687.7763291285463,3.50284536083428,0.2220817993657951
kampff_c37,0.7333171227526614,0.5695739558659931,0.9439959636730575,0.44078220079421665,2237.0035921138788,1.0253196388124066,0.4937492239923044
