dataset,adjusted_rand_score,adjusted_mutual_info_score,purity_score,silhouette_score,calinski_harabasz_score,davies_bouldin_score,norm_davies_bouldin_score
kampff_c28,0.12330557479336572,0.24935568802290756,0.905581245295193,0.06188988599477148,2380.788011398701,2.9734458195000033,0.25167072748102415
kampff_c37,0.1763869815796578,0.2739724518121754,0.8756306760847629,0.03221597894636923,957.9547491721265,3.384198275920978,0.228091873830668
