dataset,adjusted_rand_score,adjusted_mutual_info_score,purity_score,silhouette_score,calinski_harabasz_score,davies_bouldin_score,norm_davies_bouldin_score
kampff_c28,0.22385093987535185,0.28497712894544397,0.9230024733842349,0.11585524305165218,2895.533469904775,2.3087745456289035,0.30222669638252087
kampff_c37,-1.0,-1.0,-1.0,-1.0,-1.0,-1.0,inf
