dataset,adjusted_rand_score,adjusted_mutual_info_score,purity_score,silhouette_score,calinski_harabasz_score,davies_bouldin_score,norm_davies_bouldin_score
kampff_c28,0.21035372008369785,0.2595984578686561,0.914399397784708,0.07858112779626063,2627.647864259218,2.9481617679012593,0.25328242832653086
kampff_c37,0.32279452121831353,0.3835939970457809,0.9538345105953582,0.13595249923824362,1278.6481939470134,2.380220785689558,0.2958386636262288
