dataset,adjusted_rand_score,adjusted_mutual_info_score,purity_score,silhouette_score,calinski_harabasz_score,davies_bouldin_score,avg_fit_time,avg_predict_time,norm_davies_bouldin_score
kampff_c28,0.035772961727375756,0.023698876690132445,0.847618023443381,-0.011384090238612199,223.59023177041863,6.294534887929105,211.3784008026123,0.4305774211883545,0.1370889323807041
kampff_c37,0.009987777507778923,0.003211372461094342,0.851664984863774,0.008874986590234472,71.07560504238377,6.813876199805644,88.01201062202453,0.18195643424987792,0.1279774563135353
