dataset,adjusted_rand_score,adjusted_mutual_info_score,purity_score,silhouette_score,calinski_harabasz_score,davies_bouldin_score,norm_davies_bouldin_score
Sim15,0.6525622924488067,0.8379487758530313,0.9127336569245069,0.27025189852247755,3742.51674450749,1.563902778837708,0.3900303897066367
Sim20,-1.0,-1.0,-1.0,-1.0,-1.0,-1.0,inf
Sim2,0.45398913576818123,0.7040196784668642,0.7657227784730913,0.12608798361428677,2153.919900974464,2.6068574275448375,0.2772496612600219
