dataset,adjusted_rand_score,adjusted_mutual_info_score,purity_score,silhouette_score,calinski_harabasz_score,davies_bouldin_score,norm_davies_bouldin_score
kampff_c28,0.3127222505833606,0.3018143857414906,0.9066566297451338,0.08191434450759194,2452.5228727565636,3.3650100737545072,0.22909454574061563
kampff_c37,0.020911305551325796,0.015263700034871208,0.8536831483350151,0.537490663808532,44.43694489275247,0.6744021188157752,0.5972281023552767
