dataset,adjusted_rand_score,adjusted_mutual_info_score,purity_score,silhouette_score,calinski_harabasz_score,davies_bouldin_score,norm_davies_bouldin_score
Sim15,0.7477007807547653,0.88807641119329,0.8714241454094805,0.2545133546304918,2754.160128295659,1.821724876244204,0.3543931615796039
Sim20,0.7992467840477209,0.849388707439885,0.8623279098873592,0.16236982597121324,3595.5264818548035,3.396716659830799,0.22744244793761248
Sim2,0.4323221267282336,0.7111151602801434,0.6546464330413017,0.07179298810826121,1586.9106211374751,4.164878557923515,0.19361539458965313
