dataset,adjusted_rand_score,adjusted_mutual_info_score,purity_score,silhouette_score,calinski_harabasz_score,davies_bouldin_score,avg_fit_time,avg_predict_time,norm_davies_bouldin_score
kampff_c28,0.02922646784258225,0.011021743575207585,0.847618023443381,-0.012433391741536595,112.24457592679173,7.867338131776243,56.67055892944336,0.2119729995727539,0.11277341465264357
kampff_c37,0.014087238568724517,0.0016669317522635654,0.851664984863774,0.006618653722589875,47.85125386038154,7.870445032202241,24.861663579940796,0.08645906448364257,0.11273391542022021
