dataset,adjusted_rand_score,adjusted_mutual_info_score,purity_score,silhouette_score,calinski_harabasz_score,davies_bouldin_score,norm_davies_bouldin_score
kampff_c28,0.07603573586747124,0.20997719267371387,0.9060113990751694,0.05315345865834265,1334.922776568836,2.8533251689054886,0.25951612079601455
kampff_c37,0.17223014693349684,0.23908442841155583,0.9354187689202825,-0.0728979064334021,445.95128058649163,3.0806256460532238,0.24506046051227434
