dataset,adjusted_rand_score,adjusted_mutual_info_score,purity_score,silhouette_score,calinski_harabasz_score,davies_bouldin_score,norm_davies_bouldin_score
kampff_c28,0.24123678345828684,0.3183668598427943,0.9398860092483062,0.12033727793791182,2975.1400221150725,2.2784903493981417,0.30501843636159487
kampff_c37,0.14610958506468838,0.2592824986118008,0.8574672048435923,0.10883007388793678,1200.452334814439,2.254177572497706,0.3072973056084526
