dataset,adjusted_rand_score,adjusted_mutual_info_score,purity_score,silhouette_score,calinski_harabasz_score,davies_bouldin_score,norm_davies_bouldin_score
Sim1,0.6718913982270738,0.857004127999714,0.8605561105561106,0.2045309324950852,3362.472396773304,1.879810875255485,0.34724502521759665
Sim2,0.5428800817472936,0.70755924218541,0.6806946182728411,0.07933515110597592,1703.1681022670775,4.166762583959653,0.193544794007862
Sim3,0.3565654402381941,0.6253150400991874,0.662175272178506,0.03338260058351746,1782.3562191731617,4.704838495306013,0.1752898001972901
Sim4,0.1932631115855302,0.479420396852179,0.6777842793056368,0.09195393560576738,1337.2647244268758,3.2183204863494126,0.23706117238745236
Sim5,0.7875521475157793,0.7968865691869434,0.8197822758972615,0.14136658806061103,2318.8333845608995,3.4320489539870254,0.22562927674804006
