dataset,adjusted_rand_score,adjusted_mutual_info_score,purity_score,silhouette_score,calinski_harabasz_score,davies_bouldin_score,norm_davies_bouldin_score
Sim15,0.3796463483319912,0.6062135970898255,0.7274604977796137,0.053725840386651236,1077.411682123176,3.7086862271804084,0.21237346294760578
Sim20,0.42538320359324044,0.6237461781866858,0.6617200071517969,0.12072118813851974,1717.7600043800098,3.227289959126676,0.23655817549042507
Sim2,0.4204655738845682,0.6463574360619669,0.7073685857321652,0.06559366827808158,1850.8662458115436,2.925993835719926,0.25471257517056844
