dataset,adjusted_rand_score,adjusted_mutual_info_score,purity_score,silhouette_score,calinski_harabasz_score,davies_bouldin_score,norm_davies_bouldin_score
kampff_c28,0.13820479924045256,0.20178432690150633,0.9125712442198086,0.07669446008466548,1659.8811310596668,2.6466700090662005,0.27422278339247624
kampff_c37,0.7624436964807302,0.5919091946004151,0.9520686175580222,0.44901737212106857,2128.221534408242,0.9957828154952948,0.5010565239042953
