dataset,adjusted_rand_score,adjusted_mutual_info_score,purity_score,silhouette_score,calinski_harabasz_score,davies_bouldin_score,norm_davies_bouldin_score
kampff_c28,0.6140403869525213,0.41558006326503877,0.9068717066351221,0.3488892197510597,3538.8569453624245,2.0308073762068792,0.3299450858706572
kampff_c37,0.7133900830102103,0.5500937668228186,0.9389505549949546,0.4306884447322525,2205.744579957619,1.041024574320186,0.4899500048073036
