dataset,adjusted_rand_score,adjusted_mutual_info_score,purity_score,silhouette_score,calinski_harabasz_score,davies_bouldin_score,norm_davies_bouldin_score
Sim15,0.8547087603485767,0.885592760647283,0.8664670040276774,0.2887959514211305,3348.118179583603,1.834621364141208,0.3527808026321587
Sim20,0.7682814754513385,0.8250922724553348,0.8459681745038441,0.22434403677321943,3899.4199915122313,2.9290041137794485,0.2545174224920993
Sim2,0.570133405550707,0.7580143664459634,0.8144555694618273,0.1526687847018382,2378.805846587147,3.172348016753387,0.23967319983488003
