adjusted_rand_score,adjusted_mutual_info_score,purity_score,silhouette_score,calinski_harabasz_score,davies_bouldin_score,dataset,norm_davies_bouldin_score
0.5741399369382468,0.7717744312531926,0.7192807192807192,0.12419639652263993,2827.246020822732,2.771224745260844,Sim1,0.2651658459911896
0.6009321242468635,0.7977717727393487,0.831351689612015,0.14281366512429736,2495.859223586383,2.6191536893334955,Sim2,0.2763076912006355
0.5490418839496045,0.7716140341538177,0.8518917753584133,0.11818550305008488,3012.76358681621,3.1043379699363545,Sim3,0.24364465288308285
0.8307060574021075,0.8766928097518578,0.9346596450165789,0.25932757618975183,2259.717525463473,1.443541045234217,Sim4,0.4092421536975445
0.4960986382119274,0.7023911700192231,0.7574417417928219,0.08584340755544477,2108.2724431755237,3.235619982320632,Sim5,0.23609294605606124
0.5013367677615355,0.6651101648860491,0.669939132142156,0.08804063965830028,1835.9007973929085,3.0170842146035564,Sim6,0.24893677766690517
0.5403578841455309,0.7331824894706102,0.6974783913136653,0.1010640034160417,2640.883021604698,2.492218268913716,Sim7,0.2863509445848751
0.22118158656824652,0.401305840775852,0.951345163136806,0.09559850107624905,763.7631392654653,2.879411607817173,Sim8,0.257771049090269
