dataset,adjusted_rand_score,adjusted_mutual_info_score,purity_score,silhouette_score,calinski_harabasz_score,davies_bouldin_score,norm_davies_bouldin_score
kampff_c28,0.24916653971354047,0.2953945380491748,0.9106355522099151,0.08751232563772432,2764.964638252029,2.5234349739070403,0.2838139507059293
kampff_c37,-0.10833663683284907,0.07966267621748498,0.851664984863774,0.006258582550171196,413.6736859115136,2.224224523546046,0.3101520978756735
