dataset,adjusted_rand_score,adjusted_mutual_info_score,purity_score,silhouette_score,calinski_harabasz_score,davies_bouldin_score,norm_davies_bouldin_score
kampff_c28,0.00551577324099037,0.002938990789852891,0.8480481772233573,0.6322681684272462,38.33217661170157,0.7628044724719233,0.567277889077359
kampff_c37,0.6290555222878809,0.46151279102462783,0.917255297679112,0.38990010220538623,960.8359079453751,1.207467802032698,0.4530077399449142
