dataset,adjusted_rand_score,adjusted_mutual_info_score,purity_score,silhouette_score,calinski_harabasz_score,davies_bouldin_score,norm_davies_bouldin_score
kampff_c28,0.22793352191033633,0.2895263804911751,0.9278417034089687,0.12472230412469995,2928.8258802246737,2.2799881491523077,0.30487915032816315
kampff_c37,0.2566821655613733,0.34276492366846173,0.9475277497477296,0.1318515380875483,1341.3768670446982,2.2376431303210866,0.30886665384298456
