dataset,adjusted_rand_score,adjusted_mutual_info_score,purity_score,silhouette_score,calinski_harabasz_score,davies_bouldin_score,average_time_fit_transform,average_time_fit_predict,norm_davies_bouldin_score
kampff_c28,0.2280806215382415,0.2891760216779431,0.9277341649639747,0.12493208802850816,2927.56461132352,2.278190645019222,0.02399420738220215,0.007899045944213867,0.3050463222812767
kampff_c37,0.25703270275079726,0.3432484077528851,0.9475277497477296,0.13185735473250876,1340.250106378216,2.23772685970185,0.012352228164672852,0.006117773056030273,0.308858666383021
