dataset,adjusted_rand_score,adjusted_mutual_info_score,purity_score,silhouette_score,calinski_harabasz_score,davies_bouldin_score,norm_davies_bouldin_score
kampff_c28,0.23595628553978557,0.31712533293407746,0.9399935476933003,0.11800434948242323,2976.80153817713,2.283577384748196,0.30454589090693407
kampff_c37,0.15037082106962663,0.26327540317679315,0.8615035317860746,0.10710697280839758,1212.3166956454802,2.2377753545684014,0.30885404034873226
