dataset,adjusted_rand_score,adjusted_mutual_info_score,purity_score,silhouette_score,calinski_harabasz_score,davies_bouldin_score,norm_davies_bouldin_score
Sim15,0.929724678225048,0.9602319939599895,0.95290715687287,0.3298250688485192,3780.1095664958134,1.1200625017804193,0.47168420702701186
Sim20,0.8734694179968466,0.9152568721532567,0.8778830681208654,0.23017916513774933,3824.941494300977,3.1253583790937918,0.24240318248900058
Sim2,0.8618360620274063,0.8822893177580975,0.8397215269086358,0.1996136068887563,2424.6862525108627,3.073789577780027,0.2454716869654668
