dataset,adjusted_rand_score,adjusted_mutual_info_score,purity_score,silhouette_score,calinski_harabasz_score,davies_bouldin_score,average_time_fit_transform,average_time_fit_predict,norm_davies_bouldin_score
kampff_c28,0.24714029035633045,0.3237295549671459,0.9447252392730401,0.12796399758692384,2985.8537182316268,2.242068112621747,15.83021650314331,0.0052032470703125,0.30844509284270866
kampff_c37,0.3718330760002382,0.4057150278455832,0.95686175580222,0.1798384518546784,1486.6799948831529,1.8641554342191442,2.826715040206909,0.007804584503173828,0.34914306257705957
