dataset,adjusted_rand_score,adjusted_mutual_info_score,purity_score,silhouette_score,calinski_harabasz_score,davies_bouldin_score,norm_davies_bouldin_score
kampff_c28,0.6313936874397503,0.4479720695614647,0.9426820088181525,0.3956899527266588,2751.05980259433,1.9212814348339569,0.3423155290947992
kampff_c37,0.3718330760002382,0.40571502784558366,0.95686175580222,0.1798384518546784,1486.6799948831529,1.8641554342191442,0.34914306257705957
