dataset,adjusted_rand_score,adjusted_mutual_info_score,purity_score,silhouette_score,calinski_harabasz_score,davies_bouldin_score,norm_davies_bouldin_score
kampff_c28,0.11706261422979118,0.25039217563561644,0.9065490913001398,0.09244834364031744,2535.7874875763464,2.3175737316073413,0.3014251018666907
kampff_c37,0.13039625806888386,0.24336956410968044,0.851664984863774,0.07696758035509044,976.6769034723364,2.7698420594416735,0.265263102334877
