dataset,adjusted_rand_score,adjusted_mutual_info_score,purity_score,silhouette_score,calinski_harabasz_score,davies_bouldin_score,norm_davies_bouldin_score
kampff_c28,0.2283062304840799,0.29089789001964356,0.9217120120443059,0.13390942956737184,3038.4123174149126,2.1624153014121843,0.3162140024915284
kampff_c37,0.32565426953545296,0.3875711285348854,0.9543390514631686,0.17146434147540263,1498.5314472546245,1.9336576639554603,0.34087140169303076
