dataset,adjusted_rand_score,adjusted_mutual_info_score,purity_score,silhouette_score,calinski_harabasz_score,davies_bouldin_score,average_time_fit_transform,average_time_fit_predict,norm_davies_bouldin_score
kampff_c28,0.2276317582127799,0.2905191681955322,0.9214969351543176,0.13337003681455503,3037.194909623729,2.165750262030421,0.0026711463928222657,0.019194555282592774,0.3158808867502482
kampff_c37,0.3252522146805049,0.3874351310840592,0.9543390514631686,0.1714048479446236,1498.7714696860123,1.93350702082611,0.0014185905456542969,0.00708770751953125,0.3408889063160954
