dataset,adjusted_rand_score,adjusted_mutual_info_score,purity_score,silhouette_score,calinski_harabasz_score,davies_bouldin_score,norm_davies_bouldin_score
Sim1,0.5912048090774432,0.7393845801049509,0.6514319014319014,0.13968466983113867,2629.237918295905,2.0061930197468443,0.33264663760153745
Sim2,0.5792478294886017,0.7139349149388243,0.623357321652065,0.13212369676292185,2211.674662789093,1.882440638924962,0.3469282199590973
Sim3,0.6893913129381377,0.8091847546404887,0.8154575832704538,0.1916652776687104,3691.9526348787945,1.8364604222741467,0.3525520723459433
Sim4,0.5691064657643301,0.6317940483729434,0.8135361810025356,0.1950070360716771,1145.7251573411907,2.643108447233358,0.2744908680276641
Sim5,0.6002190033166,0.715279981477076,0.7319271985031468,0.14364125434419164,2248.1428145835484,2.246981375594704,0.30797836030606857
Sim6,0.7855066165637998,0.7873496686368849,0.7514235224818379,0.21388203578929746,2330.0176087174223,2.8328538677332187,0.2609021983380254
Sim7,0.6921925817458607,0.8039491695184632,0.6632616615472534,0.19069250101703722,3120.136582114859,1.756605998180454,0.3627649365415541
Sim8,-1.0,-1.0,-1.0,-1.0,-1.0,-1.0,inf
