dataset,adjusted_rand_score,adjusted_mutual_info_score,purity_score,silhouette_score,calinski_harabasz_score,davies_bouldin_score,avg_fit_time,avg_predict_time,norm_davies_bouldin_score
kampff_c28,0.3489801338021321,0.3534058499248716,0.9327884718786966,0.16066720006488583,2488.0619680927925,3.6561155899261846,917.635136270523,0.26448283195495603,0.21477130038686465
kampff_c37,0.24083276578005497,0.21439654853362164,0.851664984863774,0.22485810195795464,567.5640933082714,3.832208486118508,283.4121919631958,0.1273667812347412,0.20694471334850334
